Model,Accuracy,Precision,Recall,F1,AUC
Random Forest,0.984375,1.0,0.96875,0.9841269841269841,0.99951171875
Gradient Boosting,0.953125,0.967741935483871,0.9375,0.9523809523809523,0.996337890625
Voting Ensemble,0.9296875,0.9508196721311475,0.90625,0.928,0.98583984375
SVM,0.890625,0.9166666666666666,0.859375,0.8870967741935484,0.948486328125
Logistic Regression,0.71875,0.75,0.65625,0.7,0.786865234375
